{
    "count": 31,
    "inter_packet_times": {
        "min": 1969.3682193756104,
        "max": 14039.970636367798,
        "mean": 3333.7908506393433,
        "mean_of_squares": 18447872.017953627,
        "stddev": 2708.08245482796,
        "variance": 7333710.582147031,
        "coef_of_variation": 0.8123132422385205
    },
    "packet_sizes": {
        "min": 20997.0,
        "max": 39413.0,
        "mean": 33288.74193548387,
        "mean_of_squares": 1130455698.419355,
        "stddev": 4723.9135017602075,
        "variance": 22315358.77211239,
        "coef_of_variation": 0.1419072403191299
    }
}